Nicholas Caamano, https://www.hockey-reference.com/players/c/caamani01.html
Drake Caggiula, https://www.hockey-reference.com/players/c/caggidr01.html
Matt Calvert, https://www.hockey-reference.com/players/c/calvema01.html
Jack Campbell, https://www.hockey-reference.com/players/c/campbja01.html
Kyle Capobianco, https://www.hockey-reference.com/players/c/capobky01.html
Brandon Carlo, https://www.hockey-reference.com/players/c/carlobr01.html
John Carlson, https://www.hockey-reference.com/players/c/carlsjo01.html
Gabriel Carlsson, https://www.hockey-reference.com/players/c/carlsga01.html
Lucas Carlsson, https://www.hockey-reference.com/players/c/carlslu01.html
Ryan Carpenter, https://www.hockey-reference.com/players/c/carpery01.html
Daniel Carr, https://www.hockey-reference.com/players/c/carrda01.html
Connor Carrick, https://www.hockey-reference.com/players/c/carrico01.html
Alexandre Carrier, https://www.hockey-reference.com/players/c/carrial01.html
William Carrier, https://www.hockey-reference.com/players/c/carriwi01.html
Jeff Carter, https://www.hockey-reference.com/players/c/carteje01.html
Cody Ceci, https://www.hockey-reference.com/players/c/cecico01.html
Erik Cernak, https://www.hockey-reference.com/players/c/cernaer01.html
Thomas Chabot, https://www.hockey-reference.com/players/c/chaboth01.html
Michael Chaput, https://www.hockey-reference.com/players/c/chapumi01.html
Zdeno Chara, https://www.hockey-reference.com/players/c/charazd01.html
Jalen Chatfield, https://www.hockey-reference.com/players/c/chatfja01.html
Ben Chiarot, https://www.hockey-reference.com/players/c/chiarbe01.html
Alex Chiasson, https://www.hockey-reference.com/players/c/chiasal01.html
Filip Chlapik, https://www.hockey-reference.com/players/c/chlapfi01.html
Sasha Chmelevski, https://www.hockey-reference.com/players/c/chmelal01.html
Jakob Chychrun, https://www.hockey-reference.com/players/c/chychja01.html
Filip Chytil, https://www.hockey-reference.com/players/c/chytifi01.html
Anthony Cirelli, https://www.hockey-reference.com/players/c/cirelan01.html
Casey Cizikas, https://www.hockey-reference.com/players/c/cizikca01.html
Fredrik Claesson, https://www.hockey-reference.com/players/c/claesfr01.html
Kale Clague, https://www.hockey-reference.com/players/c/claguka01.html
Kyle Clifford, https://www.hockey-reference.com/players/c/cliffky01.html
Connor Clifton, https://www.hockey-reference.com/players/c/cliftco01.html
Cal Clutterbuck, https://www.hockey-reference.com/players/c/cluttca01.html
Braydon Coburn, https://www.hockey-reference.com/players/c/coburbr01.html
Dylan Coghlan, https://www.hockey-reference.com/players/c/coghldy01.html
Andrew Cogliano, https://www.hockey-reference.com/players/c/coglian01.html
Ian Cole, https://www.hockey-reference.com/players/c/coleia01.html
Blake Coleman, https://www.hockey-reference.com/players/c/colembl01.html
Ross Colton, https://www.hockey-reference.com/players/c/coltoro01.html
Blake Comeau, https://www.hockey-reference.com/players/c/comeabl01.html
J.T. Compher, https://www.hockey-reference.com/players/c/comphj.01.html
Eric Comrie, https://www.hockey-reference.com/players/c/comrier01.html
Max Comtois, https://www.hockey-reference.com/players/c/comtoma01.html
Kevin Connauton, https://www.hockey-reference.com/players/c/connake01.html
Brett Connolly, https://www.hockey-reference.com/players/c/connobr01.html
Kyle Connor, https://www.hockey-reference.com/players/c/connoky01.html
Andrew Copp, https://www.hockey-reference.com/players/c/coppan01.html
Nick Cousins, https://www.hockey-reference.com/players/c/cousini01.html
Logan Couture, https://www.hockey-reference.com/players/c/coutulo01.html
Sean Couturier, https://www.hockey-reference.com/players/c/coutuse01.html
Charlie Coyle, https://www.hockey-reference.com/players/c/coylech01.html
Dylan Cozens, https://www.hockey-reference.com/players/c/cozendy01.html
Sidney Crosby, https://www.hockey-reference.com/players/c/crosbsi01.html
Lawson Crouse, https://www.hockey-reference.com/players/c/crousla01.html
Josh Currie, https://www.hockey-reference.com/players/c/currijo01.html
Austin Czarnik, https://www.hockey-reference.com/players/c/czarnau01.html
Kevin Czuczman, https://www.hockey-reference.com/players/c/czuczke01.html
