Nazem Kadri, https://www.hockey-reference.com/players/k/kadrina01.html
Kaapo Kahkonen, https://www.hockey-reference.com/players/k/kahkoka01.html
Dominik Kahun, https://www.hockey-reference.com/players/k/kahundo01.html
Kaapo Kakko, https://www.hockey-reference.com/players/k/kakkoka01.html
Arthur Kaliyev, https://www.hockey-reference.com/players/k/kaliyar01.html
Wyatt Kalynuk, https://www.hockey-reference.com/players/k/kalynwy01.html
David Kampf, https://www.hockey-reference.com/players/k/kampfda01.html
Steven Kampfer, https://www.hockey-reference.com/players/k/kampfst01.html
Evander Kane, https://www.hockey-reference.com/players/k/kaneev01.html
Patrick Kane, https://www.hockey-reference.com/players/k/kanepa01.html
Kasperi Kapanen, https://www.hockey-reference.com/players/k/kapanka01.html
Kirill Kaprizov, https://www.hockey-reference.com/players/k/kapriki01.html
Erik Karlsson, https://www.hockey-reference.com/players/k/karlser01.html
William Karlsson, https://www.hockey-reference.com/players/k/karlswi01.html
David Kase, https://www.hockey-reference.com/players/k/kaseda01.html
Ondrej Kase, https://www.hockey-reference.com/players/k/kaseon01.html
Kasimir Kaskisuo, https://www.hockey-reference.com/players/k/kaskika01.html
Zack Kassian, https://www.hockey-reference.com/players/k/kassiza01.html
Martin Kaut, https://www.hockey-reference.com/players/k/kautma01.html
Duncan Keith, https://www.hockey-reference.com/players/k/keithdu01.html
Clayton Keller, https://www.hockey-reference.com/players/k/kellecl01.html
Joel Kellman, https://www.hockey-reference.com/players/k/kellmjo01.html
Adrian Kempe, https://www.hockey-reference.com/players/k/kempead01.html
Alexander Kerfoot, https://www.hockey-reference.com/players/k/kerfoal01.html
Tanner Kero, https://www.hockey-reference.com/players/k/kerota01.html
Phil Kessel, https://www.hockey-reference.com/players/k/kesseph01.html
Jujhar Khaira, https://www.hockey-reference.com/players/k/khairju01.html
Anton Khudobin, https://www.hockey-reference.com/players/k/khudoan01.html
Alex Killorn, https://www.hockey-reference.com/players/k/killoal01.html
Keith Kinkaid, https://www.hockey-reference.com/players/k/kinkake01.html
Joel Kiviranta, https://www.hockey-reference.com/players/k/kivirjo01.html
John Klingberg, https://www.hockey-reference.com/players/k/klingjo01.html
Nikolai Knyzhov, https://www.hockey-reference.com/players/k/knyzhni01.html
Slater Koekkoek, https://www.hockey-reference.com/players/k/koekksl01.html
Mikko Koivu, https://www.hockey-reference.com/players/k/koivumi01.html
Keegan Kolesar, https://www.hockey-reference.com/players/k/koleske01.html
Leo Komarov, https://www.hockey-reference.com/players/k/komarle01.html
Travis Konecny, https://www.hockey-reference.com/players/k/konectr01.html
Anze Kopitar, https://www.hockey-reference.com/players/k/kopitan01.html
Joonas Korpisalo, https://www.hockey-reference.com/players/k/korpijo01.html
Mikko Koskinen, https://www.hockey-reference.com/players/k/koskimi01.html
Jesperi Kotkaniemi, https://www.hockey-reference.com/players/k/kotkaje01.html
Chris Kreider, https://www.hockey-reference.com/players/k/kreidch01.html
David Krejci, https://www.hockey-reference.com/players/k/krejcda01.html
Torey Krug, https://www.hockey-reference.com/players/k/krugto01.html
Dominik Kubal\xc3\xadk, https://www.hockey-reference.com/players/k/kubaldo01.html
Darcy Kuemper, https://www.hockey-reference.com/players/k/kuempda01.html
Karson Kuhlman, https://www.hockey-reference.com/players/k/kuhlmka01.html
Dean Kukan, https://www.hockey-reference.com/players/k/kukande01.html
Brett Kulak, https://www.hockey-reference.com/players/k/kulakbr01.html
Dmitry Kulikov, https://www.hockey-reference.com/players/k/kulikdm01.html
Luke Kunin, https://www.hockey-reference.com/players/k/kuninlu01.html
Janne Kuokkanen, https://www.hockey-reference.com/players/k/kuokkja01.html
Rasmus Kupari, https://www.hockey-reference.com/players/k/kuparra01.html
Sean Kuraly, https://www.hockey-reference.com/players/k/kuralse01.html
Philipp Kurashev, https://www.hockey-reference.com/players/k/kurasph01.html
Evgeny Kuznetsov, https://www.hockey-reference.com/players/k/kuzneev01.html
Oliver Kylington, https://www.hockey-reference.com/players/k/kylinol01.html
Jordan Kyrou, https://www.hockey-reference.com/players/k/kyroujo01.html
