Olli Maatta, https://www.hockey-reference.com/players/m/maattol01.html
Kurtis MacDermid, https://www.hockey-reference.com/players/m/macdeku01.html
Jacob MacDonald, https://www.hockey-reference.com/players/m/macdoja02.html
Mackenzie MacEachern, https://www.hockey-reference.com/players/m/maceama01.html
Zack MacEwen, https://www.hockey-reference.com/players/m/macewza01.html
Connor Mackey, https://www.hockey-reference.com/players/m/mackeco01.html
Nathan MacKinnon, https://www.hockey-reference.com/players/m/mackina01.html
Josh Mahura, https://www.hockey-reference.com/players/m/mahurjo01.html
Philippe Maillet, https://www.hockey-reference.com/players/m/maillph01.html
Cale Makar, https://www.hockey-reference.com/players/m/makarca01.html
Evgeni Malkin, https://www.hockey-reference.com/players/m/malkiev01.html
Sean Malone, https://www.hockey-reference.com/players/m/malonse01.html
Mikhail Maltsev, https://www.hockey-reference.com/players/m/maltsmi01.html
Andrew Mangiapane, https://www.hockey-reference.com/players/m/mangian01.html
Josh Manson, https://www.hockey-reference.com/players/m/mansojo01.html
Anthony Mantha, https://www.hockey-reference.com/players/m/manthan01.html
Brad Marchand, https://www.hockey-reference.com/players/m/marchbr03.html
Jonathan Marchessault, https://www.hockey-reference.com/players/a/audymjo01.html
Mason Marchment, https://www.hockey-reference.com/players/m/marchma01.html
John Marino, https://www.hockey-reference.com/players/m/marinjo01.html
Jacob Markstrom, https://www.hockey-reference.com/players/m/marksja02.html
Patrick Marleau, https://www.hockey-reference.com/players/m/marlepa01.html
Mitch Marner, https://www.hockey-reference.com/players/m/marnemi01.html
Pat Maroon, https://www.hockey-reference.com/players/m/maroopa01.html
Matt Martin, https://www.hockey-reference.com/players/m/martima02.html
Alec Martinez, https://www.hockey-reference.com/players/m/martial01.html
Jordan Martinook, https://www.hockey-reference.com/players/m/martijo01.html
Mike Matheson, https://www.hockey-reference.com/players/m/mathemi01.html
Stefan Matteau, https://www.hockey-reference.com/players/m/mattest02.html
Auston Matthews, https://www.hockey-reference.com/players/m/matthau01.html
Scott Mayfield, https://www.hockey-reference.com/players/m/mayfisc01.html
Gerald Mayhew, https://www.hockey-reference.com/players/m/mayhege01.html
Charlie McAvoy, https://www.hockey-reference.com/players/m/mcavoch01.html
Jake McCabe, https://www.hockey-reference.com/players/m/mccabja01.html
Jared McCann, https://www.hockey-reference.com/players/m/mccanja01.html
Michael McCarron, https://www.hockey-reference.com/players/m/mccarmi01.html
Max McCormick, https://www.hockey-reference.com/players/m/mccorma01.html
Connor McDavid, https://www.hockey-reference.com/players/m/mcdavco01.html
Ryan McDonagh, https://www.hockey-reference.com/players/m/mcdonry01.html
Curtis McElhinney, https://www.hockey-reference.com/players/m/mcelhcu01.html
Brock McGinn, https://www.hockey-reference.com/players/m/mcginbr01.html
Greg McKegg, https://www.hockey-reference.com/players/m/mckeggr01.html
Michael McLeod, https://www.hockey-reference.com/players/m/mcleomi01.html
Connor McMichael, https://www.hockey-reference.com/players/m/mcmicco01.html
Brayden McNabb, https://www.hockey-reference.com/players/m/mcnabbr01.html
Jayson Megna, https://www.hockey-reference.com/players/m/megnaja01.html
Timo Meier, https://www.hockey-reference.com/players/m/meierti01.html
Alexei Melnichuk, https://www.hockey-reference.com/players/m/melnial01.html
Nicolas Meloche, https://www.hockey-reference.com/players/m/melocni01.html
Nicholas Merkley, https://www.hockey-reference.com/players/m/merklni01.html
Dakota Mermis, https://www.hockey-reference.com/players/m/mermida01.html
Jonathon Merrill, https://www.hockey-reference.com/players/m/merrijo01.html
Elvis Merzlikins, https://www.hockey-reference.com/players/m/merzlel01.html
Victor Mete, https://www.hockey-reference.com/players/m/metevi01.html
Marc Michaelis, https://www.hockey-reference.com/players/m/michama01.html
Jacob Middleton, https://www.hockey-reference.com/players/m/middlja01.html
Ilya Mikheyev, https://www.hockey-reference.com/players/m/mikheil01.html
Niko Mikkola, https://www.hockey-reference.com/players/m/mikkoni01.html
Sonny Milano, https://www.hockey-reference.com/players/m/milanso01.html
Colin Miller, https://www.hockey-reference.com/players/m/milleco02.html
J.T. Miller, https://www.hockey-reference.com/players/m/millejt01.html
K\'Andre Miller, https://www.hockey-reference.com/players/m/milleka01.html
Kevan Miller, https://www.hockey-reference.com/players/m/milleke03.html
Ryan Miller, https://www.hockey-reference.com/players/m/millery01.html
Hunter Miska, https://www.hockey-reference.com/players/m/miskahu01.html
Ian Mitchell, https://www.hockey-reference.com/players/m/mitchia01.html
Casey Mittelstadt, https://www.hockey-reference.com/players/m/mitteca01.html
Sean Monahan, https://www.hockey-reference.com/players/m/monahse01.html
Brandon Montour, https://www.hockey-reference.com/players/m/montobr01.html
John Moore, https://www.hockey-reference.com/players/m/moorejo01.html
Trevor Moore, https://www.hockey-reference.com/players/m/mooretr01.html
Samuel Morin, https://www.hockey-reference.com/players/m/morinsa01.html
Josh Morrissey, https://www.hockey-reference.com/players/m/morrijo04.html
Tyler Motte, https://www.hockey-reference.com/players/m/mottety01.html
Petr Mrazek, https://www.hockey-reference.com/players/m/mrazepe01.html
Connor Murphy, https://www.hockey-reference.com/players/m/murphco02.html
Matt Murray, https://www.hockey-reference.com/players/m/murrama02.html
Ryan Murray, https://www.hockey-reference.com/players/m/murrary01.html
Jake Muzzin, https://www.hockey-reference.com/players/m/muzzija01.html
Philippe Myers, https://www.hockey-reference.com/players/m/myersph01.html
Tyler Myers, https://www.hockey-reference.com/players/m/myersty01.html
